date,open,high,low,close
1638536400000,56869.60000000,58801.00000000,15000.00000000,56860.01000000
1638540000000,56863.20000000,56926.68000000,25172.90000000,56239.13000000
1638543600000,56193.15000000,56346.63000000,34727.40000000,55980.14000000
1638547200000,55965.90000000,55965.91000000,22643.66000000,54979.99000000
1638550800000,54990.24000000,55080.18000000,43000.80000000,54981.54000000
1638554400000,54982.31000000,55144.85000000,40503.84000000,54853.42000000
1638558000000,54877.82000000,54899.99000000,31286.04000000,53838.27000000
1638561600000,53828.59000000,54445.76000000,44793.64000000,53445.00000000
1638565200000,53442.67000000,56371.87000000,34991.28000000,53618.37000000
1638568800000,53585.12000000,53721.18000000,32716.85000000,53427.69000000
1638572400000,53409.48000000,57128.51000000,23692.20000000,53644.34000000
1638576000000,53601.78000000,58024.38000000,23692.20000000,53056.06000000
1638579600000,53038.53000000,53197.32000000,52607.17000000,52974.75000000
1638583200000,52982.51000000,53115.71000000,20000.00000000,53107.22000000
1638586800000,53107.22000000,53120.00000000,51200.00000000,52028.05000000
1638590400000,52000.01000000,52604.88000000,49227.12000000,50222.72000000
1638594000000,50250.89000000,50460.55000000,42225.01000000,47520.61000000
1638597600000,47492.59000000,47992.73000000,46659.97000000,47504.01000000
1638601200000,47480.01000000,47578.39000000,30066.00000000,47241.93000000
1638604800000,47235.05000000,49174.20000000,46564.00000000,47502.92000000
1638608400000,47488.00000000,47805.46000000,46063.46000000,47476.01000000
1638612000000,47475.50000000,47805.46000000,46779.47000000,47365.82000000
1638615600000,47360.47000000,47805.46000000,40000.00000000,46502.93000000
1638619200000,46491.90000000,58799.53000000,38250.71000000,47054.41000000
1638622800000,47053.33000000,58799.53000000,46002.78000000,47384.17000000
1638626400000,47350.00000000,58799.53000000,41889.73000000,47828.82000000
1638630000000,47821.06000000,100000.00000000,38000.00000000,48226.35000000
1638633600000,48200.16000000,120000.00000000,44664.08000000,47834.20000000
1638637200000,47840.57000000,120000.00000000,47734.54000000,48264.59000000
1638640800000,48235.67000000,78435.25000000,46170.66000000,48836.64000000
1638644400000,48836.64000000,63000.01000000,45337.74000000,49250.02000000
1638648000000,49250.02000000,49479.02000000,43307.58000000,49251.67000000
1638651600000,49256.32000000,49345.67000000,45354.31000000,48694.63000000
1638655200000,48698.69000000,49284.33000000,48463.24000000,49205.64000000
1638658800000,49207.85000000,63000.01000000,45499.55000000,49168.00000000
1638662400000,49163.08000000,63000.01000000,36487.11000000,48947.69000000
1638666000000,48884.84000000,60300.01000000,48656.04000000,49017.90000000
1638669600000,49022.70000000,57600.01000000,38137.41000000,49063.02000000
1638673200000,49052.69000000,57114.67000000,38137.41000000,49174.78000000
1638676800000,49170.79000000,56137.00000000,48789.04000000,48948.99000000
1638680400000,48948.98000000,49713.38000000,48053.53000000,49424.01000000
1638684000000,49424.01000000,62915.00000000,38137.41000000,49465.19000000
1638687600000,49463.90000000,49666.39000000,49200.00000000,49285.00000000
1638691200000,49289.18000000,49561.00000000,36230.54000000,49472.93000000
1638694800000,49471.27000000,49474.02000000,9851.00000000,48995.24000000
1638698400000,48990.84000000,49490.00000000,47888.89000000,49233.74000000
1638702000000,49232.04000000,49382.48000000,45795.87000000,49262.70000000
1638705600000,49262.70000000,49670.00000000,47263.09000000,49379.93000000
1638709200000,49380.87000000,78999.00000000,44780.15000000,49307.51000000
1638712800000,49290.02000000,56134.00000000,47949.46000000,48929.10000000
1638716400000,48924.20000000,49104.08000000,46450.16000000,47944.62000000
1638720000000,47936.24000000,56057.97000000,47887.14000000,48475.76000000
1638723600000,48481.74000000,78999.00000000,44492.65000000,49255.72000000
1638727200000,49262.21000000,78999.00000000,41647.36000000,49089.19000000
1638730800000,49089.19000000,56134.00000000,47573.78000000,48902.00000000
1638734400000,48902.45000000,56134.00000000,46317.91000000,48859.99000000
1638738000000,48810.21000000,56137.00000000,20000.00000000,49162.94000000
1638741600000,49158.84000000,56133.96000000,47193.29000000,49214.82000000
1638745200000,49214.10000000,49529.21000000,49011.39000000,49396.24000000
1638748800000,49396.33000000,56057.97000000,43084.31000000,48741.69000000
1638752400000,48743.64000000,48989.99000000,39913.31000000,48798.05000000
1638756000000,48804.20000000,56134.00000000,38117.22000000,48866.13000000
1638759600000,48862.10000000,49187.88000000,48812.71000000,49018.47000000
1638763200000,49013.71000000,49253.60000000,48959.06000000,48981.46000000
1638766800000,48979.66000000,56057.97000000,48000.00000000,48683.26000000
1638770400000,48675.05000000,48752.25000000,48104.86000000,48151.77000000
1638774000000,48160.61000000,48427.34000000,47683.82000000,48410.43000000
1638777600000,48406.54000000,49343.98000000,47391.48000000,48176.26000000
1638781200000,48127.99000000,48310.89000000,31667.67000000,47434.75000000
1638784800000,47417.60000000,78999.67000000,38691.61000000,47479.11000000
1638788400000,47481.39000000,48707.80000000,47130.77000000,48567.23000000
1638792000000,48563.61000000,48800.19000000,48305.41000000,48461.90000000
1638795600000,48465.46000000,48695.29000000,47968.87000000,48304.46000000
1638799200000,48309.40000000,48560.75000000,47888.66000000,48197.99000000
1638802800000,48191.23000000,48994.28000000,48019.01000000,48994.28000000
1638806400000,48945.87000000,49188.35000000,48301.00000000,49122.99000000
1638810000000,49129.73000000,49256.34000000,48301.00000000,48965.19000000
1638813600000,48961.24000000,49219.40000000,48362.03000000,49173.06000000
1638817200000,49174.05000000,49400.00000000,47978.66000000,49099.66000000
1638820800000,49103.00000000,100000.00000000,48661.00000000,48823.05000000
1638824400000,48823.05000000,51894.31000000,47422.98000000,50058.30000000
1638828000000,50063.29000000,52153.79000000,47212.09000000,50758.34000000
1638831600000,50748.10000000,50900.00000000,47009.65000000,50441.92000000
1638835200000,50441.92000000,50749.97000000,46529.69000000,50636.54000000
1638838800000,50634.57000000,53989.55000000,25882.97000000,50620.19000000
1638842400000,50582.69000000,52300.00000000,25882.97000000,50635.26000000
1638846000000,50635.24000000,50990.77000000,25882.97000000,50945.01000000
1638849600000,50945.03000000,51621.52000000,50777.35000000,50911.46000000
1638853200000,50911.43000000,51199.53000000,50825.99000000,50869.57000000
1638856800000,50872.61000000,51200.01000000,50753.63000000,51140.00000000
1638860400000,51143.83000000,51312.96000000,50811.44000000,50907.74000000
1638864000000,50907.26000000,52132.63000000,50601.14000000,51207.12000000
1638867600000,51183.82000000,70000.00000000,50601.14000000,51255.32000000
1638871200000,51257.87000000,56133.96000000,50584.11000000,51310.36000000
1638874800000,51309.10000000,51489.28000000,51187.78000000,51457.76000000
1638878400000,51456.21000000,51525.60000000,50643.06000000,50925.00000000
1638882000000,50900.00000000,120000.00000000,9782.00000000,50910.35000000
1638885600000,50912.55000000,50931.53000000,40086.00000000,50931.53000000
1638889200000,50931.53000000,51924.53000000,49904.91000000,51732.04000000
1638892800000,51732.04000000,51941.85000000,51085.18000000,51353.19000000
1638896400000,51350.01000000,51370.46000000,50850.01000000,51000.00000000
1638900000000,50978.66000000,51169.55000000,50611.28000000,50920.58000000
1638903600000,50918.01000000,51161.64000000,50666.01000000,50877.02000000
1638907200000,50860.57000000,51001.18000000,50154.77000000,50394.75000000
1638910800000,50394.75000000,50876.57000000,49695.49000000,50492.48000000
1638914400000,50487.42000000,50609.67000000,49695.49000000,50237.10000000
1638918000000,50226.03000000,50733.29000000,49695.49000000,50586.51000000
1638921600000,50588.94000000,50733.29000000,49695.49000000,50715.97000000
1638925200000,50693.28000000,50795.40000000,47971.06000000,50420.83000000
1638928800000,50420.83000000,50757.72000000,47971.06000000,50322.83000000
1638932400000,50322.83000000,51264.54000000,50102.21000000,50123.92000000
1638936000000,50108.37000000,50408.96000000,50077.01000000,50213.69000000
1638939600000,50229.53000000,50545.16000000,50134.31000000,50403.64000000
1638943200000,50404.90000000,50699.56000000,50393.01000000,50622.31000000
1638946800000,50613.15000000,75000.00000000,46771.79000000,50475.39000000
1638950400000,50475.39000000,50590.20000000,50239.75000000,50409.34000000
1638954000000,50411.63000000,50951.55000000,47773.88000000,50117.12000000
1638957600000,50115.29000000,50314.45000000,49232.12000000,49232.12000000
1638961200000,49232.12000000,49411.62000000,48824.70000000,49170.18000000
1638964800000,49170.18000000,49300.01000000,48612.01000000,49239.95000000
1638968400000,49240.00000000,49920.25000000,48493.64000000,49047.00000000
1638972000000,49048.29000000,50823.08000000,48493.64000000,50738.29000000
1638975600000,50731.53000000,51274.17000000,49704.33000000,50634.94000000
1638979200000,50638.91000000,51338.65000000,49601.14000000,50433.66000000
1638982800000,50434.14000000,50725.50000000,49232.20000000,50263.20000000
1638986400000,50266.54000000,50615.80000000,50000.00000000,50544.80000000
1638990000000,50548.71000000,51158.33000000,50315.78000000,50423.20000000
1638993600000,50423.21000000,50821.57000000,50315.78000000,50692.29000000
1638997200000,50689.02000000,50804.99000000,50456.77000000,50456.77000000
1639000800000,50589.52000000,50821.57000000,50100.00000000,50211.04000000
1639004400000,50214.91000000,50746.30000000,50167.50000000,50466.58000000
1639008000000,50471.01000000,50821.57000000,50100.00000000,50403.86000000
1639011600000,50399.84000000,50501.32000000,50100.00000000,50179.87000000
1639015200000,50177.79000000,50276.81000000,48672.91000000,49886.01000000
1639018800000,49887.38000000,245932.50000000,48672.91000000,49519.26000000
1639022400000,49469.39000000,74687.00000000,49429.97000000,49817.22000000
1639026000000,49816.07000000,49995.31000000,48672.91000000,49757.62000000
1639029600000,49745.01000000,50066.89000000,49401.74000000,49601.00000000
1639033200000,49615.46000000,50195.80000000,49226.99000000,50003.72000000
1639036800000,50003.72000000,50211.58000000,48464.77000000,49509.38000000
1639040400000,49493.59000000,50221.47000000,20000.00000000,49214.21000000
1639044000000,49206.77000000,49400.45000000,48616.27000000,49328.96000000
1639047600000,49300.83000000,49426.46000000,48151.07000000,49176.87000000
1639051200000,49156.87000000,49451.09000000,48566.66000000,49415.92000000
1639054800000,49405.00000000,49451.09000000,48963.95000000,49342.07000000
1639058400000,49338.38000000,49625.78000000,48106.54000000,48581.01000000
1639062000000,48569.17000000,48950.19000000,47570.42000000,48462.07000000
1639065600000,48462.08000000,48780.55000000,48225.22000000,48530.21000000
1639069200000,48504.98000000,48892.10000000,48132.48000000,48161.70000000
1639072800000,48171.66000000,50075.39000000,47437.05000000,47738.08000000
1639076400000,47748.50000000,48008.00000000,47558.18000000,47611.15000000
1639080000000,47613.52000000,47716.39000000,47321.36000000,47680.04000000
1639083600000,47680.31000000,48200.00000000,47072.30000000,47979.31000000
1639087200000,47976.74000000,48361.14000000,45512.23000000,47875.19000000
1639090800000,47945.20000000,48361.14000000,47280.01000000,47555.14000000
1639094400000,47539.82000000,48403.62000000,47321.36000000,48012.58000000
1639098000000,48014.02000000,48553.85000000,45512.23000000,48426.81000000
1639101600000,48410.12000000,48815.72000000,47321.36000000,48517.42000000
1639105200000,48523.15000000,79217.14000000,42182.35000000,48376.88000000
1639108800000,48373.48000000,72735.29000000,42182.35000000,48183.87000000
1639112400000,48170.68000000,72564.00000000,47972.51000000,48244.04000000
1639116000000,48246.42000000,72382.83000000,10000.00000000,47845.83000000
1639119600000,47845.83000000,74278.95000000,10000.00000000,47664.31000000
1639123200000,47664.33000000,147143.54000000,9469.95000000,48090.34000000
1639126800000,48090.34000000,49068.07000000,9474.54000000,48124.77000000
1639130400000,47213.89000000,48124.77000000,10092.50000000,46741.75000000
1639134000000,47213.89000000,99791.51000000,9000.00000000,48333.55000000
1639137600000,48333.55000000,48333.55000000,15000.00000000,48333.55000000
1639141200000,48333.55000000,49498.85000000,47895.15000000,49498.85000000
1639144800000,49498.85000000,49983.84000000,48213.32000000,48289.72000000
1639148400000,48289.72000000,49364.63000000,47818.71000000,47980.47000000
1639152000000,47979.22000000,48669.88000000,47101.43000000,47539.08000000
1639155600000,47543.67000000,47746.45000000,47101.43000000,47695.55000000
1639159200000,47695.55000000,48154.53000000,47640.00000000,47827.10000000
1639162800000,47822.77000000,48166.88000000,47664.40000000,48120.35000000
1639166400000,48084.23000000,48457.81000000,48073.33000000,48411.36000000
1639170000000,48414.37000000,48512.71000000,47842.58000000,47922.48000000
1639173600000,47932.06000000,48098.89000000,47509.73000000,47517.40000000
1639177200000,47518.25000000,47962.42000000,47101.43000000,47157.75000000
1639180800000,47169.01000000,48434.64000000,46159.41000000,47749.91000000
1639184400000,47746.29000000,48618.35000000,47663.21000000,47915.73000000
1639188000000,47914.36000000,48249.97000000,47900.01000000,48248.98000000
1639191600000,48249.00000000,48618.35000000,47850.00000000,48293.29000000
1639195200000,48297.00000000,48618.35000000,48263.73000000,48528.59000000
1639198800000,48543.79000000,48618.35000000,46159.41000000,48322.47000000
1639202400000,48320.05000000,48644.69000000,46159.41000000,48047.00000000
1639206000000,48040.52000000,48644.69000000,46159.41000000,48026.25000000
1639209600000,48014.01000000,48804.96000000,46159.41000000,48390.00000000
1639213200000,48391.52000000,48878.37000000,45005.43000000,48529.63000000
1639216800000,48528.71000000,48878.37000000,45005.43000000,48381.66000000
1639220400000,48381.65000000,48458.57000000,45005.43000000,48214.64000000
1639224000000,48226.28000000,48569.90000000,45005.43000000,48524.21000000
1639227600000,48506.04000000,48874.60000000,45005.43000000,48353.21000000
1639231200000,48353.49000000,48665.56000000,45005.43000000,48477.45000000
1639234800000,48460.15000000,48827.25000000,45005.43000000,48751.78000000
1639238400000,48754.19000000,49255.11000000,45005.43000000,48986.07000000
1639242000000,48983.91000000,49113.32000000,48696.16000000,48696.16000000
1639245600000,48700.00000000,48915.30000000,48233.07000000,48671.59000000
1639249200000,48657.57000000,49185.11000000,48233.07000000,48405.06000000
1639252800000,48407.26000000,48762.13000000,48394.04000000,48561.16000000
1639256400000,48564.07000000,49008.27000000,48402.43000000,48780.01000000
1639260000000,48779.30000000,49194.09000000,47745.85000000,48826.43000000
1639263600000,48826.43000000,49672.09000000,47745.85000000,49362.23000000
1639267200000,49366.32000000,49672.09000000,47745.85000000,49332.88000000
1639270800000,49329.14000000,49686.07000000,43655.27000000,49181.33000000
1639274400000,49181.33000000,49350.80000000,49025.54000000,49039.71000000
1639278000000,49044.37000000,49386.12000000,43655.27000000,49307.72000000
1639281600000,49297.43000000,49689.60000000,43655.27000000,48867.56000000
1639285200000,48865.16000000,49069.97000000,48525.66000000,48978.36000000
1639288800000,48973.66000000,49220.19000000,48941.58000000,49159.83000000
1639292400000,49159.83000000,49505.98000000,48525.66000000,49308.72000000
1639296000000,49301.21000000,49694.68000000,48497.43000000,48965.01000000
1639299600000,48963.91000000,150000.00000000,48035.49000000,48806.40000000
1639303200000,48806.40000000,68692.00000000,48010.84000000,48908.66000000
1639306800000,48915.29000000,49215.84000000,48010.84000000,49136.63000000
1639310400000,49127.98000000,68692.00000000,48010.83000000,49513.85000000
1639314000000,49515.86000000,49865.13000000,49172.36000000,49791.36000000
1639317600000,49795.44000000,49866.08000000,49023.80000000,49862.78000000
1639321200000,49862.79000000,50013.70000000,49572.40000000,49624.16000000
1639324800000,49622.11000000,50013.70000000,48720.37000000,49871.33000000
1639328400000,49872.57000000,50509.84000000,48528.60000000,50250.02000000
1639332000000,50249.97000000,50621.41000000,49626.42000000,50483.50000000
1639335600000,50474.48000000,50777.00000000,50130.60000000,50221.05000000
1639339200000,50221.01000000,50541.75000000,50130.60000000,50262.59000000
1639342800000,50266.13000000,50312.82000000,49907.60000000,49947.88000000
1639346400000,49947.92000000,50295.45000000,49626.42000000,50272.02000000
1639350000000,50269.15000000,50770.94000000,49950.01000000,50066.68000000
1639353600000,50050.41000000,50183.62000000,49570.17000000,49625.96000000
1639357200000,49629.34000000,50938.67000000,48564.23000000,48592.19000000
1639360800000,48590.01000000,48980.01000000,48528.60000000,48770.01000000
1639364400000,48762.88000000,49805.71000000,48692.79000000,48873.70000000
1639368000000,48870.43000000,49095.55000000,48754.80000000,49028.99000000
1639371600000,49028.97000000,49330.65000000,48719.67000000,49230.00000000
1639375200000,49230.00000000,49433.48000000,48528.60000000,48950.00000000
1639378800000,48936.89000000,49210.00000000,48528.60000000,48737.25000000
1639382400000,48740.80000000,49200.00000000,48528.60000000,49019.95000000
1639386000000,49014.99000000,49050.31000000,48240.00000000,48861.75000000
1639389600000,48859.28000000,49200.00000000,48010.83000000,48699.98000000
1639393200000,48685.59000000,49180.00000000,48010.83000000,48847.66000000
1639396800000,48840.98000000,49160.00000000,48527.40000000,48584.61000000
1639400400000,48584.65000000,49159.26000000,47930.84000000,48419.26000000
1639404000000,48419.26000000,49180.00000000,47436.01000000,47949.41000000
1639407600000,47949.41000000,48367.63000000,46290.07000000,47230.00000000
1639411200000,47045.89000000,48360.32000000,46022.41000000,47146.67000000
1639414800000,47146.67000000,48018.90000000,45909.37000000,47520.01000000
1639418400000,47514.00000000,48117.65000000,44000.00000000,47445.48000000
1639422000000,47434.41000000,48207.08000000,42127.34000000,46704.72000000
1639425600000,46727.69000000,48218.93000000,45663.43000000,46635.66000000
1639429200000,46587.85000000,47109.71000000,42127.34000000,46793.04000000
1639432800000,46790.99000000,47238.26000000,46450.87000000,46884.00000000
1639436400000,46884.44000000,47623.99000000,46573.84000000,46700.96000000
1639440000000,46702.76000000,47219.69000000,46118.83000000,47007.27000000
1639443600000,47000.00000000,47623.99000000,46584.09000000,46880.57000000
1639447200000,46868.28000000,48232.19000000,46035.77000000,47030.86000000
1639450800000,47023.07000000,47163.23000000,42127.34000000,46951.28000000
1639454400000,46948.30000000,47283.36000000,46867.21000000,46989.68000000
1639458000000,46984.72000000,47200.00000000,40442.25000000,46701.27000000
1639461600000,46694.02000000,48763.93000000,40442.25000000,46670.31000000
1639465200000,46671.76000000,47031.37000000,46545.09000000,46997.41000000
1639468800000,46998.07000000,47504.75000000,46568.13000000,47471.38000000
1639472400000,47462.01000000,47527.25000000,46134.85000000,46839.10000000
1639476000000,46819.00000000,48237.80000000,46800.01000000,47368.03000000
1639479600000,47345.51000000,48000.00000000,46158.00000000,47613.32000000
1639483200000,47618.00000000,48763.93000000,46134.85000000,47508.28000000
1639486800000,47508.31000000,47673.32000000,46134.85000000,47168.15000000
1639490400000,47155.00000000,48100.57000000,46134.85000000,47301.82000000
1639494000000,47284.68000000,47510.12000000,46134.85000000,46792.09000000
1639497600000,46836.73000000,48763.93000000,46560.70000000,46725.13000000
1639501200000,46729.93000000,47075.64000000,46469.47000000,46619.92000000
1639504800000,46619.10000000,46934.90000000,46382.06000000,46648.51000000
1639508400000,46646.68000000,47062.00000000,46633.58000000,46862.67000000
1639512000000,46857.95000000,48537.28000000,46134.85000000,47785.31000000
1639515600000,47787.70000000,48643.60000000,47748.33000000,48283.49000000
1639519200000,48283.49000000,48763.93000000,47715.33000000,48270.44000000
1639522800000,48268.01000000,48763.93000000,46535.12000000,48351.94000000
1639526400000,48347.49000000,48776.47000000,46134.85000000,48146.09000000
1639530000000,48135.98000000,48377.54000000,46134.85000000,48068.53000000
1639533600000,48073.47000000,48447.76000000,46008.43000000,47996.38000000
1639537200000,47997.58000000,48288.55000000,45668.85000000,48265.79000000
1639540800000,48262.40000000,48429.37000000,45668.85000000,48240.67000000
1639544400000,48240.67000000,48613.66000000,40442.25000000,48116.14000000
1639548000000,48118.64000000,49082.42000000,40442.25000000,48061.23000000
1639551600000,48057.65000000,49097.06000000,47627.17000000,48209.99000000
1639555200000,48209.50000000,48753.01000000,48207.50000000,48571.69000000
1639558800000,48573.10000000,48934.11000000,48198.23000000,48493.53000000
1639562400000,48488.73000000,48770.18000000,48198.23000000,48226.07000000
1639566000000,48230.28000000,48848.66000000,48039.83000000,48131.70000000
1639569600000,48131.71000000,48538.95000000,47561.15000000,47585.55000000
1639573200000,47583.61000000,48600.08000000,46639.46000000,47649.93000000
1639576800000,47650.02000000,48002.68000000,46639.46000000,47369.98000000
1639580400000,47353.09000000,48102.21000000,46593.75000000,46632.32000000
1639584000000,46632.31000000,48102.21000000,40442.25000000,47019.32000000
1639587600000,47008.20000000,48425.88000000,45955.14000000,47082.05000000
1639591200000,47080.50000000,48183.00000000,45955.14000000,47815.44000000
1639594800000,47808.01000000,48579.09000000,47270.08000000,48579.09000000
1639598400000,48579.09000000,49506.83000000,48101.82000000,49204.52000000
1639602000000,49206.93000000,49517.64000000,48101.82000000,49161.99000000
1639605600000,49162.00000000,49506.83000000,48101.82000000,48747.31000000
1639609200000,48747.31000000,49347.59000000,48101.82000000,48862.09000000
1639612800000,48864.98000000,49466.00000000,48101.82000000,49052.46000000
1639616400000,49043.18000000,49130.33000000,48024.47000000,49030.46000000
1639620000000,49027.02000000,49347.59000000,48869.01000000,49011.86000000
1639623600000,49009.13000000,49048.75000000,48709.70000000,48819.25000000
1639627200000,48819.60000000,48886.00000000,48024.47000000,48742.23000000
1639630800000,48739.72000000,48802.93000000,48514.01000000,48523.00000000
1639634400000,48513.90000000,48912.96000000,48162.23000000,48894.64000000
1639638000000,48894.67000000,49051.71000000,48292.38000000,48715.73000000
1639641600000,48712.22000000,48919.27000000,48162.23000000,48765.40000000
1639645200000,48759.79000000,49117.30000000,48162.23000000,48948.88000000
1639648800000,48948.89000000,49582.78000000,48460.85000000,49146.00000000
1639652400000,49146.00000000,49592.13000000,48469.05000000,49196.00000000
1639656000000,49174.63000000,49755.43000000,48162.23000000,48707.56000000
1639659600000,48700.44000000,49656.80000000,48162.23000000,49000.07000000
1639663200000,49006.79000000,49743.00000000,48503.50000000,48536.11000000
1639666800000,48534.22000000,49390.25000000,48154.58000000,48574.12000000
1639670400000,48574.25000000,49425.66000000,48154.58000000,48508.57000000
1639674000000,48506.57000000,49478.44000000,48076.25000000,48084.15000000
1639677600000,48084.14000000,49063.64000000,47668.16000000,47977.90000000
1639681200000,47976.84000000,48944.37000000,47666.49000000,47877.30000000
1639684800000,47857.59000000,48382.69000000,47048.29000000,47931.08000000
1639688400000,47929.53000000,48944.37000000,47900.01000000,48090.51000000
1639692000000,48084.49000000,48166.82000000,47528.55000000,47821.27000000
1639695600000,47816.54000000,47816.55000000,47532.86000000,47626.64000000
1639699200000,47632.39000000,47964.01000000,47343.25000000,47799.48000000
1639702800000,47777.71000000,48212.54000000,47048.29000000,47848.00000000
1639706400000,47837.69000000,47868.01000000,47633.96000000,47813.74000000
1639710000000,47791.57000000,47810.38000000,47650.01000000,47766.07000000
1639713600000,47766.07000000,47944.05000000,47700.00000000,47913.02000000
1639717200000,47913.01000000,47950.00000000,47599.66000000,47702.83000000
1639720800000,47702.82000000,47954.59000000,47284.82000000,47421.28000000
1639724400000,47419.94000000,48795.46000000,46757.79000000,47016.75000000
1639728000000,47009.50000000,47298.63000000,46791.41000000,47134.82000000
1639731600000,47134.82000000,47280.83000000,46270.65000000,47226.29000000
1639735200000,47225.42000000,47246.75000000,46268.55000000,46949.10000000
1639738800000,46949.22000000,47234.85000000,45729.67000000,47112.44000000
1639742400000,47111.37000000,47238.37000000,46817.71000000,47028.40000000
1639746000000,47039.44000000,47375.57000000,46888.89000000,46955.42000000
1639749600000,46950.03000000,47375.57000000,38622.35000000,45965.92000000
1639753200000,45952.00000000,47375.57000000,38622.35000000,46527.68000000
1639756800000,46528.77000000,47837.98000000,38622.35000000,47099.27000000
1639760400000,47080.01000000,47837.98000000,38622.35000000,46766.40000000
1639764000000,46766.39000000,47837.98000000,38622.35000000,46984.62000000
1639767600000,46989.29000000,47837.98000000,46268.55000000,46763.37000000
1639771200000,46765.66000000,46826.70000000,46167.22000000,46208.01000000
1639774800000,46200.00000000,47222.54000000,46122.40000000,46857.97000000
1639778400000,46849.23000000,46962.53000000,45553.06000000,46520.43000000
1639782000000,46543.78000000,46596.43000000,46090.86000000,46126.17000000
1639785600000,46134.52000000,46379.58000000,40000.00000000,45553.06000000
1639789200000,44952.04000000,46357.70000000,44952.04000000,45662.96000000
1639792800000,45661.02000000,45980.00000000,38622.35000000,45717.56000000
1639796400000,45696.23000000,47837.98000000,38622.35000000,46268.55000000
1639800000000,46268.55000000,47837.98000000,38622.35000000,46396.00000000
1639803600000,46393.07000000,46853.51000000,46044.86000000,46600.00000000
1639807200000,46585.56000000,46770.40000000,46268.55000000,46332.38000000
1639810800000,46332.39000000,46467.89000000,46310.30000000,46364.09000000
1639814400000,46364.98000000,46662.40000000,46198.52000000,46331.98000000
1639818000000,46331.98000000,46848.49000000,46328.40000000,46832.49000000
1639821600000,46832.49000000,47837.98000000,46708.95000000,47302.74000000
1639825200000,47305.92000000,47461.04000000,46939.84000000,47064.41000000
1639828800000,47065.56000000,47837.98000000,36691.24000000,47045.67000000
1639832400000,47035.50000000,47143.30000000,36691.24000000,46640.34000000
1639836000000,46632.84000000,47041.16000000,46607.23000000,47009.02000000
1639839600000,47008.70000000,47233.98000000,46776.93000000,46868.22000000
1639843200000,46860.00000000,47837.98000000,46754.81000000,46802.38000000
1639846800000,46799.93000000,47035.90000000,46513.25000000,46655.28000000
1639850400000,46665.12000000,47837.98000000,46455.04000000,46724.91000000
1639854000000,46725.91000000,47844.63000000,45791.55000000,46643.56000000
1639857600000,46643.69000000,47234.00000000,46383.89000000,46864.56000000
1639861200000,46864.56000000,47234.00000000,46744.47000000,46944.61000000
1639864800000,46942.93000000,47234.00000000,36691.24000000,46773.84000000
1639868400000,46773.85000000,46999.97000000,45791.55000000,46832.31000000
1639872000000,46834.48000000,47033.00000000,46550.01000000,46660.82000000
1639875600000,46664.34000000,46819.92000000,46030.05000000,46573.74000000
1639879200000,46570.00000000,47242.51000000,46517.63000000,47150.00000000
1639882800000,47150.01000000,47883.11000000,36691.24000000,47710.96000000
1639886400000,47716.69000000,48057.97000000,47716.69000000,47892.74000000
1639890000000,47892.74000000,48056.00000000,36691.24000000,47600.00000000
1639893600000,47600.00000000,47691.99000000,47450.00000000,47480.87000000
1639897200000,47458.73000000,47864.30000000,36691.24000000,47515.18000000
1639900800000,47516.05000000,48092.62000000,47421.12000000,47474.62000000
1639904400000,47473.06000000,48450.00000000,36691.24000000,47102.02000000
1639908000000,47085.00000000,48450.00000000,36691.24000000,47124.79000000
1639911600000,47125.01000000,47353.80000000,46124.00000000,47152.69000000
1639915200000,47152.69000000,47403.75000000,46744.75000000,47250.62000000
1639918800000,47252.99000000,47544.97000000,46744.75000000,47544.97000000
1639922400000,47544.97000000,48015.70000000,46744.71000000,47395.56000000
1639926000000,47393.21000000,47465.26000000,47150.01000000,47234.57000000
1639929600000,47234.54000000,47478.72000000,47002.24000000,47162.58000000
1639933200000,47159.92000000,47235.21000000,46800.86000000,47139.13000000
1639936800000,47141.22000000,47178.90000000,46885.06000000,47119.15000000
1639940400000,47119.59000000,47220.00000000,46605.32000000,46672.45000000
1639944000000,46673.91000000,47049.11000000,46603.49000000,46777.63000000
1639947600000,46776.39000000,47047.83000000,46633.42000000,46730.36000000
1639951200000,46720.00000000,47547.75000000,46659.53000000,47310.00000000
1639954800000,47296.67000000,48015.70000000,46603.49000000,46681.22000000
1639958400000,46680.38000000,47766.00000000,46196.35000000,46875.16000000
1639962000000,46877.38000000,47186.49000000,46493.20000000,46623.96000000
1639965600000,46611.37000000,46827.73000000,46416.92000000,46725.60000000
1639969200000,46731.85000000,46831.10000000,46196.35000000,46685.04000000
1639972800000,46687.22000000,47010.25000000,46661.09000000,46976.71000000
1639976400000,46967.48000000,47203.99000000,46300.00000000,46431.49000000
1639980000000,46431.92000000,46652.33000000,46163.54000000,46553.00000000
1639983600000,46546.47000000,46553.00000000,46134.57000000,46426.71000000
1639987200000,46419.03000000,46669.05000000,46132.74000000,46278.90000000
1639990800000,46250.02000000,46303.80000000,45917.71000000,45917.71000000
1639994400000,45917.71000000,46131.65000000,45830.51000000,45873.26000000
1639998000000,45877.28000000,46256.73000000,45636.31000000,46087.12000000
1640001600000,46090.24000000,46287.41000000,45453.90000000,45730.01000000
1640005200000,45721.53000000,46287.41000000,45453.90000000,45708.92000000
1640008800000,45710.98000000,46482.50000000,45453.90000000,46299.78000000
1640012400000,46294.05000000,46482.50000000,45245.50000000,45972.48000000
1640016000000,45969.00000000,46482.50000000,45190.24000000,46387.01000000
1640019600000,46391.78000000,46482.50000000,46109.86000000,46117.41000000
1640023200000,46116.62000000,46482.50000000,45543.47000000,46250.00000000
1640026800000,46255.92000000,46494.75000000,46240.00000000,46494.75000000
1640030400000,46494.75000000,47209.00000000,46197.80000000,46988.20000000
1640034000000,47002.36000000,47541.00000000,46197.80000000,46962.59000000
1640037600000,46962.74000000,47242.88000000,45952.19000000,46746.20000000
1640041200000,46747.85000000,47337.84000000,45952.19000000,46914.19000000
1640044800000,46914.16000000,47337.84000000,46670.34000000,46803.93000000
1640048400000,46791.74000000,47108.39000000,45952.19000000,46943.92000000
1640052000000,46943.93000000,47337.84000000,46678.18000000,46947.18000000
1640055600000,46942.54000000,48081.92000000,46918.71000000,47932.21000000
1640059200000,47923.33000000,48814.02000000,47847.83000000,48575.47000000
1640062800000,48555.00000000,48759.95000000,48300.01000000,48604.98000000
1640066400000,48600.51000000,48696.11000000,48337.21000000,48543.01000000
1640070000000,48541.91000000,48655.77000000,48252.13000000,48576.01000000
1640073600000,48579.76000000,48942.21000000,48517.65000000,48567.45000000
1640077200000,48566.43000000,48783.81000000,48252.13000000,48592.48000000
1640080800000,48591.72000000,48775.00000000,48569.91000000,48657.85000000
1640084400000,48654.64000000,48884.72000000,48568.24000000,48857.36000000
1640088000000,48866.24000000,49308.06000000,48550.00000000,48743.71000000
1640091600000,48731.49000000,48971.63000000,48591.63000000,48909.49000000
1640095200000,48911.95000000,49088.55000000,48499.95000000,48632.99000000
1640098800000,48627.07000000,49220.00000000,48395.68000000,48418.48000000
1640102400000,48418.47000000,48745.20000000,48355.47000000,48684.69000000
1640106000000,48679.39000000,49339.08000000,48538.06000000,48650.63000000
1640109600000,48650.94000000,48694.26000000,48417.01000000,48450.00000000
1640113200000,48439.44000000,48654.86000000,48355.47000000,48619.70000000
1640116800000,48616.63000000,48791.00000000,48461.48000000,48604.65000000
1640120400000,48596.65000000,49158.94000000,48528.89000000,49088.86000000
1640124000000,49085.94000000,49342.79000000,48947.45000000,49283.97000000
1640127600000,49274.48000000,49282.33000000,48854.36000000,48896.09000000
1640131200000,48888.44000000,49124.39000000,48628.18000000,48648.92000000
1640134800000,48639.04000000,48950.00000000,48355.47000000,48822.41000000
1640138400000,48817.52000000,49535.00000000,48727.48000000,49332.19000000
1640142000000,49332.19000000,49409.45000000,49152.49000000,49234.11000000
1640145600000,49235.49000000,49392.04000000,49008.19000000,49311.77000000
1640149200000,49311.76000000,49331.35000000,48923.20000000,48958.00000000
1640152800000,48959.10000000,49220.17000000,48761.33000000,49057.20000000
1640156400000,49055.75000000,49299.27000000,49055.75000000,49206.45000000
1640160000000,49206.43000000,49530.66000000,49110.68000000,49263.66000000
1640163600000,49259.99000000,49324.59000000,48833.96000000,48941.33000000
1640167200000,48930.49000000,49149.53000000,48355.47000000,49084.17000000
1640170800000,49077.27000000,49327.03000000,48719.65000000,48981.00000000
1640174400000,48981.00000000,49237.54000000,48572.46000000,48578.36000000
1640178000000,48573.66000000,48778.25000000,48445.35000000,48560.00000000
1640181600000,48555.05000000,48985.00000000,48085.92000000,48807.06000000
1640185200000,48807.07000000,49020.93000000,48084.23000000,48879.29000000
1640188800000,48878.79000000,49399.61000000,48173.06000000,48996.98000000
1640192400000,48998.01000000,49099.98000000,48696.29000000,48702.08000000
1640196000000,48702.08000000,49097.74000000,48161.37000000,48585.93000000
1640199600000,48581.60000000,48946.66000000,48159.27000000,48929.69000000
1640203200000,48925.12000000,49200.00000000,48782.68000000,48962.20000000
1640206800000,48962.19000000,49135.31000000,48782.68000000,49047.11000000
1640210400000,49043.99000000,49115.36000000,48693.49000000,48977.00000000
1640214000000,48977.22000000,48986.58000000,48287.43000000,48595.12000000
1640217600000,48588.17000000,48671.09000000,48090.70000000,48289.08000000
1640221200000,48286.26000000,48479.10000000,48084.23000000,48470.62000000
1640224800000,48463.79000000,48729.19000000,48084.23000000,48352.15000000
1640228400000,48354.86000000,48683.46000000,48084.23000000,48518.96000000
1640232000000,48524.11000000,49020.23000000,48081.84000000,48362.23000000
1640235600000,48363.28000000,48564.00000000,48231.57000000,48380.32000000
1640239200000,48384.53000000,49399.61000000,48081.84000000,48473.23000000
1640242800000,48473.14000000,49406.54000000,48075.10000000,48126.28000000
1640246400000,48127.88000000,48617.23000000,48075.10000000,48339.91000000
1640250000000,48339.90000000,48419.99000000,48149.99000000,48377.45000000
1640253600000,48372.61000000,48571.43000000,48189.62000000,48414.49000000
1640257200000,48414.49000000,48762.51000000,48194.85000000,48355.45000000
1640260800000,48354.79000000,48762.51000000,48323.99000000,48614.56000000
1640264400000,48613.28000000,48853.82000000,48584.87000000,48614.45000000
1640268000000,48614.45000000,48700.00000000,48352.09000000,48599.23000000
1640271600000,48599.24000000,48912.30000000,48341.34000000,48819.34000000
1640275200000,48819.34000000,49150.45000000,48678.01000000,49080.99000000
1640278800000,49081.00000000,49584.21000000,49013.01000000,49584.21000000
1640282400000,49584.21000000,50763.70000000,48696.31000000,50551.44000000
1640286000000,50555.50000000,51414.29000000,50500.01000000,51100.45000000
1640289600000,51104.81000000,51161.86000000,50701.43000000,50914.28000000
1640293200000,50914.57000000,50975.44000000,50457.49000000,50824.38000000
1640296800000,50822.47000000,50994.67000000,50716.42000000,50756.45000000
1640300400000,50758.94000000,50913.54000000,50431.99000000,50800.63000000
1640304000000,50800.63000000,50963.02000000,50644.58000000,50894.01000000
1640307600000,50891.63000000,51368.98000000,50828.50000000,51350.02000000
1640311200000,51347.93000000,51516.69000000,51007.86000000,51044.38000000
1640314800000,51044.03000000,51251.39000000,50865.88000000,51027.02000000
1640318400000,51029.44000000,51098.87000000,50975.10000000,51002.44000000
1640322000000,51002.44000000,51175.33000000,50969.23000000,51016.08000000
1640325600000,50996.95000000,51071.17000000,50823.35000000,50928.39000000
1640329200000,50944.47000000,51196.48000000,50750.66000000,51006.68000000
1640332800000,50991.38000000,51154.05000000,50831.66000000,51094.06000000
1640336400000,51071.08000000,51386.33000000,51014.24000000,51111.90000000
1640340000000,51138.74000000,51546.65000000,51017.52000000,51173.55000000
1640343600000,51178.26000000,51429.73000000,51033.70000000,51033.70000000
1640347200000,51033.70000000,51133.73000000,50763.70000000,51057.92000000
1640350800000,50955.90000000,51221.07000000,50781.70000000,51095.58000000
1640354400000,50993.50000000,51361.83000000,50753.11000000,50816.76000000
1640358000000,50750.00000000,50992.46000000,50525.93000000,50992.46000000
1640361600000,50890.58000000,51361.83000000,50747.72000000,50910.68000000
1640365200000,50977.89000000,51143.25000000,50525.93000000,51041.07000000
1640368800000,51143.25000000,51550.76000000,51041.07000000,51487.41000000
1640372400000,51487.41000000,51778.98000000,51249.04000000,51249.04000000
1640376000000,51249.98000000,51410.46000000,50918.37000000,51128.81000000
1640379600000,51137.22000000,51505.29000000,50824.41000000,50871.59000000
1640383200000,50852.82000000,51129.39000000,50525.93000000,50839.54000000
1640386800000,50839.54000000,50941.27000000,50525.93000000,50795.17000000
1640390400000,50795.17000000,51139.53000000,50569.42000000,51078.32000000
1640394000000,51028.03000000,51278.47000000,50773.73000000,51018.09000000
1640397600000,51018.09000000,51227.74000000,50762.72000000,50834.78000000
1640401200000,50833.57000000,51094.20000000,50763.70000000,50792.67000000
1640404800000,50792.67000000,51151.49000000,50729.86000000,50729.86000000
1640408400000,50922.95000000,51087.67000000,50525.93000000,50940.89000000
1640412000000,50940.89000000,51121.27000000,50620.40000000,50968.00000000
1640415600000,50968.00000000,51159.71000000,50732.02000000,50845.10000000
1640419200000,50845.10000000,51124.76000000,50551.03000000,50951.49000000
1640422800000,50951.49000000,51017.52000000,50722.05000000,50860.48000000
1640426400000,50758.86000000,50918.37000000,50525.93000000,50676.41000000
1640430000000,50575.15000000,50850.80000000,50525.93000000,50697.12000000
1640433600000,50622.09000000,51055.59000000,50525.93000000,50769.18000000
1640437200000,50971.55000000,51008.86000000,50525.93000000,50892.24000000
1640440800000,50892.24000000,50960.03000000,50525.93000000,50810.00000000
1640444400000,50810.00000000,50925.53000000,50525.93000000,50828.16000000
1640448000000,50553.07000000,50907.44000000,50525.93000000,50525.93000000
1640451600000,50600.00000000,51505.29000000,50077.31000000,50864.55000000
1640455200000,50763.70000000,53035.17000000,50610.87000000,50838.34000000
1640458800000,50838.34000000,53918.51000000,50634.44000000,50992.15000000
1640462400000,50714.29000000,85000.00000000,50015.56000000,50988.96000000
1640466000000,50853.00000000,52533.62000000,50015.56000000,50976.00000000
1640469600000,50976.00000000,51269.76000000,50666.94000000,50666.94000000
1640473200000,50666.94000000,50838.71000000,50400.28000000,50545.67000000
1640476800000,50545.67000000,50666.94000000,50144.56000000,50144.56000000
1640480400000,50144.56000000,50822.72000000,50071.40000000,50373.72000000
1640484000000,50666.94000000,50703.01000000,50015.56000000,50015.56000000
1640487600000,50205.38000000,50666.94000000,50015.56000000,50309.11000000
1640491200000,50102.04000000,50933.61000000,50015.56000000,50015.56000000
1640494800000,50015.56000000,50666.94000000,49767.15000000,49866.94000000
1640498400000,50067.17000000,51247.94000000,49767.15000000,50066.46000000
1640502000000,49773.90000000,50109.96000000,49767.15000000,49840.15000000
1640505600000,50039.91000000,50144.10000000,49767.15000000,49767.15000000
1640509200000,50034.71000000,50666.94000000,49767.15000000,49878.94000000
1640512800000,49878.94000000,61441.47000000,49878.94000000,51647.11000000
1640516400000,51326.53000000,126000.00000000,49758.46000000,49758.46000000
1640520000000,49758.46000000,250000.00000000,49758.46000000,49758.46000000
1640523600000,49758.46000000,56121.26000000,49744.54000000,50993.75000000
1640527200000,50993.75000000,100000.00000000,49744.54000000,49890.81000000
1640530800000,49937.00000000,100500.00000000,49751.94000000,49878.18000000
1640534400000,60000.00000000,100000.00000000,49744.54000000,50205.23000000
1640538000000,50492.38000000,82000.00000000,49269.96000000,50046.08000000
1640541600000,50377.48000000,55927.59000000,49269.96000000,50591.65000000
1640545200000,50591.65000000,62350.96000000,50098.63000000,55000.00000000
1640548800000,54795.92000000,61099.35000000,53777.51000000,54795.92000000
1640552400000,54795.92000000,55000.00000000,49834.12000000,50774.36000000
1640556000000,50789.62000000,55343.88000000,50643.93000000,52046.59000000
1640559600000,52062.20000000,55000.00000000,51734.69000000,52572.46000000
1640563200000,52596.13000000,53758.94000000,52314.29000000,53229.30000000
1640566800000,53260.84000000,53408.37000000,53151.50000000,53328.18000000
1640570400000,53346.56000000,53494.12000000,53307.66000000,53453.26000000
1640574000000,53437.22000000,53494.12000000,53373.17000000,53460.70000000
1640577600000,53436.66000000,53494.12000000,53298.64000000,53415.75000000
1640581200000,53431.78000000,93343.93000000,50722.05000000,52567.66000000
1640584800000,52544.02000000,52603.14000000,50601.86000000,51302.72000000
1640588400000,51302.72000000,52576.44000000,49269.96000000,49269.96000000
1640592000000,49577.28000000,90633.30000000,49269.96000000,53707.35000000
1640595600000,53727.49000000,57654.00000000,50385.60000000,50587.50000000
1640599200000,50606.13000000,51013.80000000,50606.13000000,50927.52000000
1640602800000,50931.34000000,56002.97000000,50596.80000000,50719.40000000
1640606400000,50719.40000000,51343.55000000,50564.07000000,51117.77000000
1640610000000,51117.79000000,51458.10000000,50995.33000000,51299.37000000
1640613600000,51294.88000000,51762.67000000,50625.21000000,51503.22000000
1640617200000,51502.55000000,51754.12000000,49269.96000000,51444.69000000
1640620800000,51449.80000000,51632.69000000,51127.54000000,51464.83000000
1640624400000,51466.98000000,52032.30000000,51427.15000000,51852.98000000
1640628000000,51853.09000000,51962.29000000,51583.76000000,51688.05000000
1640631600000,51688.89000000,51725.59000000,51204.64000000,51211.56000000
1640635200000,51204.65000000,51370.62000000,50869.56000000,51229.05000000
1640638800000,51225.89000000,51419.13000000,50940.01000000,50954.44000000
1640642400000,50967.57000000,51250.01000000,50583.32000000,51020.01000000
1640646000000,51020.04000000,51054.65000000,50564.07000000,50700.92000000
1640649600000,50701.45000000,50715.15000000,49269.96000000,50354.46000000
1640653200000,50338.70000000,50338.70000000,49638.70000000,49818.62000000
1640656800000,49815.56000000,50001.62000000,49516.11000000,49775.32000000
1640660400000,49762.87000000,49826.26000000,49430.67000000,49826.26000000
1640664000000,49800.37000000,49800.37000000,48662.16000000,49043.98000000
1640667600000,49048.88000000,49241.37000000,48851.82000000,49204.32000000
1640671200000,49198.41000000,49362.44000000,49096.68000000,49216.88000000
1640674800000,49216.88000000,49556.34000000,48951.32000000,49228.57000000
1640678400000,49225.25000000,49831.84000000,49113.71000000,49375.40000000
1640682000000,49368.40000000,50302.08000000,48237.05000000,49027.10000000
1640685600000,49023.69000000,50040.09000000,48777.51000000,49033.20000000
1640689200000,49033.21000000,49235.45000000,48897.22000000,49200.04000000
1640692800000,49196.46000000,49500.11000000,49080.89000000,49103.79000000
1640696400000,49100.37000000,49403.17000000,48984.44000000,49021.92000000
1640700000000,49022.10000000,49153.00000000,48335.02000000,49080.07000000
1640703600000,49060.71000000,49230.00000000,48891.82000000,48937.81000000
1640707200000,48937.47000000,48971.20000000,48237.05000000,48627.96000000
1640710800000,48627.93000000,48650.00000000,47780.46000000,48030.43000000
1640714400000,48030.44000000,49088.12000000,47567.35000000,47797.00000000
1640718000000,47792.72000000,47868.56000000,47273.59000000,47686.68000000
1640721600000,47688.51000000,48045.45000000,47557.66000000,47785.71000000
1640725200000,47790.86000000,47928.79000000,47506.95000000,47559.31000000
1640728800000,47551.34000000,47736.78000000,47332.17000000,47690.06000000
1640732400000,47688.60000000,47795.92000000,47521.10000000,47536.51000000
1640736000000,47543.70000000,47846.88000000,47452.33000000,47770.00000000
1640739600000,47770.00000000,47968.80000000,47696.17000000,47749.13000000
1640743200000,47741.93000000,48052.75000000,47669.61000000,47991.55000000
1640746800000,47989.91000000,48132.28000000,47897.67000000,48001.00000000
1640750400000,48001.01000000,48053.00000000,47564.13000000,47780.01000000
1640754000000,47780.01000000,47977.99000000,47664.89000000,47896.31000000
1640757600000,47896.61000000,48050.61000000,47749.50000000,47845.69000000
1640761200000,47851.91000000,99999.00000000,47383.27000000,47569.52000000
1640764800000,47565.30000000,48476.34000000,47535.18000000,47720.99000000
1640768400000,47714.92000000,48063.73000000,47393.99000000,47944.67000000
1640772000000,47936.21000000,48106.74000000,47608.63000000,47698.15000000
1640775600000,47696.80000000,47757.05000000,47520.21000000,47737.14000000
1640779200000,47733.66000000,47859.42000000,46444.66000000,46840.85000000
1640782800000,46824.46000000,47517.10000000,45012.12000000,47416.72000000
1640786400000,47402.65000000,47888.92000000,47239.59000000,47826.01000000
1640790000000,47826.01000000,48035.55000000,47687.62000000,47954.58000000
1640793600000,47959.37000000,48037.07000000,36691.24000000,47727.60000000
1640797200000,47723.01000000,47794.05000000,47480.00000000,47554.90000000
1640800800000,47546.86000000,47763.70000000,45695.77000000,47520.17000000
1640804400000,47520.17000000,150000.00000000,36691.24000000,47164.75000000
1640808000000,47148.57000000,47699.06000000,47084.00000000,47369.95000000
1640811600000,47358.95000000,47502.57000000,36691.24000000,47208.52000000
1640815200000,47208.52000000,47562.18000000,36691.24000000,47274.45000000
1640818800000,47272.54000000,47371.70000000,46104.52000000,46466.49000000
1640822400000,46464.66000000,46796.96000000,45392.32000000,46692.67000000
1640826000000,46692.38000000,46729.02000000,46395.66000000,46530.53000000
